Nombre,Dirección,Categoría,Teléfonos,Sitios Web,Correos Electrónicos,Fuente
#CasaRDBiobío,"Janequeo 403, 4° piso, 4070025 Concepción, Bío Bío",,,,,google_maps
11 Notaría de Concepción,"Cochrane 829, 4070141 Concepción, Bío Bío",,413390463,11notariaconcepcion.cl,11notariaconcepcion@gmail.com,google_maps
11a Notaría de Concepción. René Arriagada,"Cochrane 829, 4070187 Concepción, Bío Bío",,,,,google_maps
14 Chiguayante Sur S.A.,"Los Castaños 819, Chiguayante, Bío Bío",,,,,google_maps
AFITCHILE,"Libertador Gral. Bernardo O'Higgins 1186, 4030000 Concepción, Bío Bío",,412218476,afitchileadvisors.com,contact@sansoxygen.com,google_maps
ALSUR Arquitectura & Diseño,"Av. Tierras Coloradas 9569, 4260000 Concepción, Bío Bío",,996114481,alsur-arquitectura.cl,"contacto@alsur-aquitectura.cl,contacto@alsur-arquitectura.cl",google_maps
ASESORIAS TRIBUTARIAS Y LABORALES LIMITADA,"Av. Los Carrera 41, Concepción, Bío Bío",,,,,google_maps
ATL Consultores Ltda.,"Libertador Gral. Bernardo O'Higgins 491, Concepción, Concepcion Centro, Bío Bío",,412255739,atlconsultores.cl,contacto@atlasesores.cl,google_maps
Apart Hotel Castellón 176,"Castellón 176, 4070156 Concepción, Bío Bío",,979981404,castellon176.cl,"176_png@2x-300x264.png,176_png@2x-e1598562894451.png,contacto@icas.cl",google_maps
Apart Hotel Concepción Suites,"Av. Pdte. Jorge Alessandri Rodriguez 450, 4030000 Concepción, Bío Bío",,984181039,concepcionsuites.com,contacto@concepcionsuites.com,google_maps
Apart Hotel Lomas De San Andres Jorge Antonio San Martin Duran Empresa Individua,"Av. Pdte. Jorge Alessandri Rodriguez 546, Concepción, Bío Bío",,412134478,,,google_maps
Apart Hotel Uman,"Ongolmo 144, edificio A, 4070118 Concepción, Bío Bío",,997496881,,,google_maps
Apart Lomas de San Andrés,"Parque Urbano - Avenida Alessandri, Acceso Lomas de San Andrés 450, Concepción, Bío Bío",,993453813,lomasdesanandres.cl,apart@lomasdesanandres.cl,google_maps
Apartamento Parque Ecuador,"Av. Pedro de Valdivia 159, Concepción, Bío Bío",,,booking.com,"customer.service@booking.com,geniusgenericgiftbox@2x.png,name@example.com,us@3x.png",google_maps
Arquitectura Servicio Y Mantencion Industrial Limitada,"Los Castaños 41, 4110344 Chiguayante, Bío Bío",,412392201,,,google_maps
Ascencio Auditores,"Anibal Pinto 576, 4030563 Concepción, Bío Bío",,412919121,ascencioauditores.cl,"eriffo@ascencioauditores.cl,eurrutia@ascencioauditores.cl,jaguilera@ascencioauditores.cl,llagos@ascencioauditores.cl,msanhueza@ascencioauditores.cl,mvenegas@ascencioauditores.cl,sespinoza@ascencioauditores.cl,vespinoza@ascencioauditores.cl",google_maps
Asesorias Y Servicios Marsur Chile Limitada,"Lientur 1037, 4081362 Concepción, Bío Bío",,412468415,marsurchile.cl,contacto@marsurchile.cl,google_maps
Autopista Concepción - Talcahuano,"Unnamed Road, Concepción, Bío Bío",,,,,google_maps
BGl Arquitectos,"Lincoyán 26, Oficina 51, 4030000 Concepción, Bío Bío",,413167781,bglarquitectos.cl,,google_maps
BPO Consultores De Empresas Ltda,"Libertador Gral. Bernardo O'Higgins 241, Oficina 805, Concepción, Bío Bío",,412888482,,,google_maps
BStage,"Antonio de la Fuente 155, 4270772 Talcahuano, Bío Bío",,950603413,,,google_maps
Bodega Santa Sabina LTDA,"8450439 Concepción, Bío Bío",,976081881,,,google_maps
Bodenor Flex Center,"4603212 Hualpén, Talcahuano, Bío Bío",,,,,google_maps
Bramsa,"C. Exequiel Pl. 1055, 4130303 San Pedro de la Paz, Bío Bío",,,,,google_maps
CANAL EXPREZION TV,"Pedro de Valdivia 406, 2 piso, Los Álamos, Los Alamos, Bío Bío",,952596086,exprezion.cl,,google_maps
CBR,"Barros Arana 951, 4030511 Concepción, Bío Bío",,,,,google_maps
CGS Consultoría Ltda,"Bernardo O'Higgins Pte. 77, oficina 1406, Concepción, Bío Bío",,996993364,cgsconsultoria.cl,"gabriel.pavez@cgsconsultoria.cl,pedro.gutierrez@cgsconsultoria.cl,sandra.perez@cgsconsultoria.cl",google_maps
CLUB DEPORTIVO JUVENTUD NONGUEN,"Diego Portales 109, Concepción, Bío Bío",,,juventudnonguen.cl,mkt@juventudnonguen.cl,google_maps
CONSTRULOMAS,"Javiera Carrera 7353, San Pedro de la Paz, Bío Bío",,936947294,construlomas.cl,,google_maps
CVA Motors Automotora,"Anibal Pincheira 99, Lota 758, 4130120 San Pedro de la Paz, Bío Bío",,963092333,cvamotors.cl,"contacto@cvagroup.cl,example@domain.com",google_maps
Cabañas Chiguayante,"Av. O'Higgins 2325, 4100000 Chiguayante, Bío Bío",,981318070,,,google_maps
Cabañas borderío San Pedro de la paz,"Av. Julio Hemmelmann 2271, 4030009 San Pedro de la Paz, Bío Bío",,992979731,borderio.cl,,google_maps
Cabify Concepción,"Cochrane 635, Torre A, Oficina 405, Concepción, Bío Bío",,,cabify.com,,google_maps
Campanita,"Cochrane 154, Chiguayante, Bío Bío",,,(41) 235 9272,,google_maps
Campos Deportivos Arturo Fernández Vial,"Progreso 720, 4110175 Chiguayante, Bío Bío",,,,,google_maps
Canal 9 Bío-Bío Televisión,"Libertador Gral. Bernardo O'Higgins 680, 4070152 Concepción, Bío Bío",,412620620,canal9.cl,"mrosales@biobiotv.cl,noticias@biobiotv.cl",google_maps
Canal TV8,"Paicaví 1267, 4081380 Concepción, Bío Bío",,,canaltv8.cl,,google_maps
Cancha Nonguén,"Cam. Nonguén 961, Concepción, Bío Bío",,,,,google_maps
Captel Spa,"Tucapel 564, 4030490 Concepción, Bío Bío",,,,,google_maps
Cascada Parque Ecuador,"Concepción, Bío Bío",,,,,google_maps
Castañeda Arquitectos Ltda.,"Freire 1624, 4070558 Concepción, Bío Bío",,223116657,castanedaarquitectos.cl,"2062d0a4929b45348643784b5cb39c36@sentry.wixpress.com,605a7baede844d278b89dc95ae0a9123@sentry-next.wixpress.com,8c4075d5481d476e945486754f783364@sentry.io,8eb368c655b84e029ed79ad7a5c1718e@sentry.wixpress.com,9a65e97ebe8141fca0c4fd686f70996b@sentry.wixpress.com,info@castanedaarquitectos.cl",google_maps
Ccrescere Contabilidad de Confianza,"Algarrobo poniente 6940, 4130000 Biobío, San Pedro de la Paz",,963072590,ccrescere.cl,,google_maps
Centro Cultural Y De Comunicacion Radiofonica Lorenzo Arenas,"Marina de Chile 4075, 4060572 Concepción, Bío Bío",,,,,google_maps
"Centro Ignaciano Concepción, Chile","Av. Los Carrera 191, 4050892 Concepción, Bío Bío",,,,,google_maps
Centro de Desarrollo de Negocios Concepción,"Lincoyán 199, 4070286 Concepción, Bío Bío",,984350001,instagram.com,,google_maps
Centro de entrenamiento Colosseo Box,"Camilo Henríquez 522, 4030555 Concepción, Bío Bío",,944683844,,,google_maps
Chile Consultor,"Sta. María 2360, 4080897 Concepción, Bío Bío",,412134819,chileconsultor.cl,contacto@chileconsultor.cl,google_maps
Club Concepcion Espacio de Cotrabajo,"Libertador Gral. Bernardo O'Higgins 536, Concepción, Bío Bío",,,,,google_maps
Coach Fitness club,"Serrano 489, 4070237 Concepción, Bío Bío",,971333042,coachfitness.cl,,google_maps
Codesser Concepciòn,"143, Barros Arana 492, Concepción, Bío Bío",,,,,google_maps
Colegio Andrés Bello,"Pinares 503, 4110122 Chiguayante, Bío Bío",,412133187,colegioandresbello.cl,"comunicaciones@colegioandresbello.cl.cl,contacto@colegioandresbello.cl",google_maps
Colegio José Hipólito Salas y Toro,"Av. Manuel Rodríguez 226, 4100608 Chiguayante, Bío Bío",,,,,google_maps
Colegio Santa Sabina,"Los Lleuques 1477, 4030000 Concepción, Bío Bío",,412388924,colegiosantasabina.cl,"colegio@santasabina.cl,contacto@santasabina.cl,soporte@santasabina.cl",google_maps
Comunidad Edificio Galeria Juan Villa,"Peato Anibal Pinto 576, OF 4, 4030520 Concepción, Bío Bío",,996439302,,,google_maps
Concepción,"C. Tres Nte., 4131485 San Pedro de la Paz, Bío Bío",,,,,google_maps
Concepción tv,"Maipú 852, 4030000 Concepción, Bío Bío",,974300558,concepciontv.cl,contacto@concepciontv.cl,google_maps
Condominio El Arrayan,"Tucapel 515, depto453, 4131222 San Pedro de la Paz, Bío Bío",,,,,google_maps
Consorcio ICP,"Orompello 799-697, 4030341 Concepción, Bío Bío",,413214513,consorcioicp.cl,,google_maps
Construcciones Turbo,"Portugal 4200-4298, Chiguayante, Bío Bío",,933415984,,,google_maps
Constructora AFFA,"Pje. 5 4766, Talcahuano, Bío Bío",,,,,google_maps
Constructora Lfm,"Av. Pedro de Valdivia 317, Concepción, Bío Bío",,,(41) 233 1855,,google_maps
Construparingenieria,"Diego de Oro 382, 4080713 chillancito, Concepción, Bío Bío",,,9 8461 5256,,google_maps
Consultora Austral Solutions - Emprendimiento e Innovación,"Gleisner 1824, 4030000 Concepción, Bío Bío",,412733073,australsolutions.com,"0e6a29e4756740a8a63493e912ba2174@sentry.wixpress.com,2062d0a4929b45348643784b5cb39c36@sentry.wixpress.com,271e9fa3230b4eec94b02bf95780f5f2@sentry.wixpress.com,460ff4620fa44cba8df530afde949785@sentry.wixpress.com,605a7baede844d278b89dc95ae0a9123@sentry-next.wixpress.com,88170cb0c9d64f94b5821ca7fd2d55a4@sentry-next.wixpress.com,8c4075d5481d476e945486754f783364@sentry.io,8eb368c655b84e029ed79ad7a5c1718e@sentry.wixpress.com,baf30a2b91654c5a840931f0137bed30@sentry.wixpress.com,c183baa23371454f99f417f6616b724d@sentry.wixpress.com,dd0a55ccb8124b9c9d938e3acf41f8aa@sentry.wixpress.com,ed436f5053144538958ad06a5005e99a@sentry.wixpress.com",google_maps
"Consultora Desafío Personas, Ciencia & Business","Av. Michimalonco 1207, San Pedro de la Paz, Bío Bío",,413180644,,,google_maps
Consultoría Naval Marítima Ltda.,"Paicaví 176, 4100440 Chiguayante, Bío Bío",,412948195,cnm.cl,,google_maps
CreceInnova Asesoría y Gestión a Empresas,"Gobernador Juan Henriquez 376, 4081636 Concepción, Bío Bío",,961480636,,,google_maps
Cristian Mendoza Arriendos y Servicios de Transportes Eirl,"Ongolmo 1998, 4060561 Concepción, Bío Bío",,,,,google_maps
Cristian fredes,"Sta. Sabina, 4060071 Concepción, Bío Bío",,,,,google_maps
Crossfit Vulcano Concepción,"Angol 1044, 4030439 Concepción, Bío Bío",,944959693,,,google_maps
Cámara de Comercio,"Caupolicán 567, 4030595 Concepción, Bío Bío",,,,,google_maps
DAS Dirección de Administración de Salud de San Pedro de la Paz,"Los Fresnos 1484, 4130623 San Pedro de la Paz, Bío Bío",,413395275,,,google_maps
DIARIO EL SUR,"Gran Bretaña 5535, 4030359 Talcahuano, Bío Bío",,,,,google_maps
Dagoberto Aravena y Cia,"Libertador Gral. Bernardo O'Higgins 241, of 1222, Concepción, Bío Bío",,412912055,davycia.cl,"daravenav@davycia.cl,davpac@entelchile.net,mauricioast@gmail.com,nombre@correo.com,p.aravena@davycia.cl",google_maps
"Deportes Concepción CDN ""Ricardo Keller""","Cam. Nonguén 1965, Concepción, Bío Bío",,,,,google_maps
Diario Concepción,"Cochrane 1102, 4070120 Concepción, Bío Bío",,412232200,diarioconcepcion.cl,,google_maps
Diario El Sur,"Caupolicán 518, 4030595 Concepción, Bío Bío",,227534404,elsur.cl,suscripciondigital@diarioelsur.cl,google_maps
Diario El Sur S.A.,"4030255 Concepción, Bío Bío",,"412794776,412794789",,,google_maps
Diario La Estrella de Concepción,"Caupolicán 518, 4030595 Concepción, Bío Bío",,412794848,estrellaconce.cl,,google_maps
Dirección de comunicaciones - Universidad De Concepción,"Los Tilos 1192, 4070413 Concepción, Bío Bío",,,,,google_maps
Doit Fitness Club,"San Martín 654, 4070184 Concepción, Bío Bío",,412790729,doitfitness.cl,"info@doirfitness.cl,info@doitfitness.cl",google_maps
EBISUR Apart - Hoteles CRUZ,"Gral Cruz 1259, 4030000 Concepción, Bío Bío",,978084417,booking.com,"customer.service@booking.com,geniusgenericgiftbox@2x.png,name@example.com,us@3x.png",google_maps
EBISUR Apart - Hoteles MAIPU,"Maipú 1520, 4030000 Concepción, Bío Bío",,978084417,booking.com,"customer.service@booking.com,geniusgenericgiftbox@2x.png,name@example.com,us@3x.png",google_maps
EBISUR Apart - Hoteles OROMPELLO,"Orompello 1061, 4030000 Concepción, Bío Bío",,978084417,booking.com,"customer.service@booking.com,geniusgenericgiftbox@2x.png,name@example.com,us@3x.png",google_maps
ECOLOG SPA,"Local 11O, 4131001 San Pedro de la Paz, Bío Bío",,412466790,ecolog.cl,contacto@ecolog.cl,google_maps
EDIFICIO DEL PACIFICO,"Libertador Gral. Bernardo O'Higgins 940, Concepción, Bío Bío",,412211821,,,google_maps
EDYCE CONSTRUCCIONES Y MONTALES S.A,"Talcahuano, Bío Bío",,,,,google_maps
EMPRESA DE CONSTRUCCIÓN Y MONTAJE SPA,"palomares ESQUINA Brisas con - Las Brisas, Chile 2225, Concepción, Bío Bío",,,9 7532 7149,,google_maps
EMPRESA DE SERVICIOS ANA MARÍA FLORES GATICA EIRL AMF,"Av. Los Copihues 403, 4600000 Hualpén, Bío Bío",,985055090,amfcomercial.cl,"amfcomercializadora@gmail.com,ventas@amfcomercial.cl",google_maps
Edelweiss Apart,"Av. Pdte. Jorge Alessandri Rodriguez 450, Concepción, Talcahuano, Bío Bío",,962196476,,,google_maps
Edificio Altamira,"Libertador Gral. Bernardo O'Higgins 330, Concepción, Bío Bío",,412798670,edificioaltamira.cl,,google_maps
Edificio Bellavista,"Av. Siete Lagunas 542, Concepción, Bío Bío",,,edificiobellavista.cl,,google_maps
Edificio BioBío Centro - Arriendo de Oficinas en Concepción,"Autop. Concepción - Talcahuano 869, Hualpén, Talcahuano, Bío Bío",,962364853,edificiobiobio.cl,contacto@edificiobiobio.cl,google_maps
Edificio Centro Plaza,"Edificio Centro - Cochrane 635, Oficina 305 Torre B, 4070245 Concepción, Bío Bío",,413163338,,,google_maps
Edificio Centro Sur,"Av. Chacabuco 1085, 4070146 Concepción, Bío Bío",,,,,google_maps
Edificio Futurocenter,"Libertador Gral. Bernardo O'Higgins 77, Concepción, Bío Bío",,936695310,,,google_maps
Edificio Gobernador Pedro de Valdivia,"Av. Pedro de Valdivia 917, Concepción, Bío Bío",,,,,google_maps
Edificio Loteria de Concepción,"Colo Colo 592, Concepción, Bío Bío",,,,,google_maps
Edificio Pedro de Valdivia,"Anibal Pinto 509, piso 14, oficina A, 4030555 Concepción, Bío Bío",,,Oficinas de empresa,,google_maps
Edificio StudioWork,"Libertador Gral. Bernardo O'Higgins 236, 4070242 Concepción, Bío Bío",,,studiowork.cl,cconcha@fdi.cl,google_maps
El Parque Hotel Boutique,"Víctor Lamas 1011, 4070180 Concepción, Bío Bío",,,,,google_maps
Electrónica De Sistemas De Control Spa,"Antonio de Las Penas 1966, 4130109 San Pedro de la Paz, Bío Bío",,412372196,,,google_maps
Empresa Buses Huslpen,"Bío Bío 9334, 4603012 Hualpén, Bío Bío",,,,,google_maps
Empresas Conecta,"Jaime Repullo 1976, 4280409 Talcahuano, Bío Bío",,412185300,conectachile.cl,administracion@conectachile.cl,google_maps
Empresas Rubio,"Higuerilla 338, 4601668 Hualpén, Bío Bío",,412476216,,,google_maps
Encontraste,"San Martín 553, oficina 1001, 4070176 Concepción, Bío Bío",,413834133,,,google_maps
Energia 95.7 Fm,"Av. Las Torres 685-607, 4132201 San Pedro de la Paz, Bío Bío",,412375534,radioenergia.cl,ventas@radioenergia.cl,google_maps
Equipo Mundial Centro de Negocios,"Colo Colo 379, Concepción, Bío Bío",,997959752,,,google_maps
Escuela Palestina,"30, Nonguén 28, 4051102 Concepción, Bío Bío",,,(2) 2520 1338,,google_maps
Espacio Informativo Concepción,"4030000 Concepción, Bío Bío",,973123167,facebook.com,,google_maps
Estacionamiento Remodelación,"Paicaví 1096, 4030118 Concepción, Bío Bío",,,,,google_maps
Estación Intermodal Concepción,"Av. Padre Alberto Hurtado 2343, Concepción, Bío Bío",,,,,google_maps
Estudio C Arquitectura y Diseño,"Collao 999, Concepción, Bío Bío",,412468041,,,google_maps
Estudio Jurídico ABOGADOS,"Av. Cristóbal Colón, 4602924 Hualpén, Bío Bío",,,9 5019 2773,,google_maps
Estudio Jurídico Salazar & cia,"Amsterdam poniente 4414 jardines de la Floresta 7 Hualpén, 4030000 Biobío",,,9 4145 9126,,google_maps
Ex estudios canal 5 TVUC Concepcion,"Las Heras, 4030135 Concepción, Bío Bío",,,,,google_maps
FEC,"Pl. Perú 119, 4070107 Concepción, Bío Bío",,,,,google_maps
FEPASA,"Talcahuano, Bío Bío",,,,,google_maps
FERRETERIA GINVEST,"Camino a Nonguen 1008, 4030000 Concepción, Bío Bío",,,(41) 318 7529,,google_maps
FERRETERIA NONGUEN,"Diego Portales, 4050990 Concepción, Bío Bío",,,9 8288 1669,,google_maps
FOCUS GYM SPP,"C. Itata 8590, 4122343 San Pedro de la Paz, Bío Bío",,952416098,,,google_maps
Ferretería Ferrelomas,"Los Naranjos 6377, San Pedro de la Paz, Bío Bío",,412463534,,,google_maps
Fesur,"Bernardo O'Higgins Pte. 77, Concepción, Bío Bío",,,,,google_maps
Finca El Quirinal,"Cam. A Chiguayante 5612, 4100000 Concepción, Chiguayante, Bío Bío",,573188053128,facebook.com,,google_maps
Fish,"Angol 1248, 4030306 Concepción, Bío Bío",,412982088,,,google_maps
Flota Verschae,"Talcahuano, Bío Bío",,,,,google_maps
Forestal FHO,"Los Avellanos 45, 4130195 San Pedro de la Paz, Bío Bío",,,,,google_maps
Formeduc,"Serrano 551, 4030640 Concepción, Bío Bío",,,,,google_maps
Fundacion DEM PLAE San Pedro,"Los Nogales 109, 4130477 San Pedro de la Paz, Bío Bío",,413187049,fundaciondem.cl,administracioncentral@fundaciondem.cl,google_maps
Funeraria Parque San Pedro Concepción,"Paicaví 773-835, Concepción, Bío Bío",,,,,google_maps
Galería Universidad de Concepción,"Barros Arana 601-603, 4030575 Concepción, Bío Bío",,,,,google_maps
Gerencia Proyecto Puente Ferroviario Biobío EFE,"Arturo Prat 390, 4030632 Concepción, Bío Bío",,,,,google_maps
Gimnasio Brandau Kim,"Río Elqui 689, 4050729 Concepción, Bío Bío",,,,,google_maps
Gimnasio CARLOS CONDELL,"Manuel Bulnes 1650, 4081374 Concepción, Bío Bío",,954285425,,,google_maps
Gimnasio Candelaria San Pedro De La Paz,"Pje. Costanera 450-498, San Pedro de la Paz, Bío Bío",,,,,google_maps
Gimnasio Cesar Medina,"Gral. Novoa 725, 4050143 Concepción, Bío Bío",,,,,google_maps
Gimnasio Cnef,"Lincoyán 444, 4070172 Concepción, Bío Bío",,412234802,,,google_maps
Gimnasio Flex,"Freire 853, 2do piso, 4030000 Concepción, Bío Bío",,996961351,,,google_maps
Gimnasio Gea Mutatis,"Av. Los Claveles 55, Huertos Familiares, San Pedro de la Paz, Bío Bío",,944266078,geamutatis.cl,,google_maps
Gimnasio Municipal De Concepción,"Av. Gral. Oscar Bonilla 2700, Concepción, Bío Bío",,,concepcion.cl,,google_maps
Gimnasio Municipal San Pedro De La Paz,"Los Boldos 1835, 4130409 San Pedro de la Paz, Bío Bío",,,,,google_maps
Gimnasio Pacific Concepción 2,"Av. Pedro de Valdivia 1145, Concepción, Bío Bío",,931906861,gimnasiopacific.cl,,google_maps
Gimnasio Papelera Norke Skog,"Los Pensamientos 27, 4132846 San Pedro de la Paz, Bío Bío",,,,,google_maps
Gimnasio Poblacion Gabriela Mistral.,"C. Dos 418-458, Concepción, Bío Bío",,,,,google_maps
Gimnasio Smart Fit - Los Carrera,"Av. Los Carrera N° 3225, Concepción, Bío Bío",,,smartfit.cl,,google_maps
Gimnasio UBB,"4050352 Concepción, Bío Bío",,,,,google_maps
Gimnasio Upgrade Concepción,"Av. Chacabuco 70, 4070324 Concepción, Bío Bío",,931907047,gimnasiosupgrade.cl,"contacto@gimnasiopacific.cl,contacto@gimnasiosupgrade.cl,convenioempresas@gimnasiosupgrade.cl,reclutamiento@gimnasiosupgrade.cl,servicioalcliente@gimnasiosupgrade.cl",google_maps
Gimnasio fysis,"Los Cerezos 12, 4130060 San Pedro de la Paz, Bío Bío",,413199573,m.facebook.com,,google_maps
Gimnasio y centro médico deportivo HEALTHY BODY,"Caletera, Av Michaihue 3400, lote 11, 4030000 San Pedro de la Paz, Bío Bío",,,instagram.com,,google_maps
Global Shope,"villa universitaria, 4030000 Concepción, Bío Bío",,953514602,,,google_maps
Grupo,"Las Palmeras 463-541, 4280335 Talcahuano, Bío Bío",,,,,google_maps
Grupo MCV,"Av Parque San Pedro del Valle 1903, San Pedro de la Paz, Bío Bío",,,grupomcv.com,officeshinger@163.com,google_maps
Gym,"Freire 853, 4030000 Concepción, Bío Bío",,996961351,,,google_maps
HDQ - Hostal en Concepción,"Chiloé 1130, 4050070 Concepción, Bío Bío",,987752280,hostalhdq.cl,,google_maps
HOSTAL COLLAO,"Bernardino Corral 104, 4030000 Concepción, Bío Bío",,992735989,,,google_maps
HOTEL LA PALMERA,"Bandera 1251, 4060948 Concepción, Octava, Bío Bío",,412233222,,,google_maps
HOTEL MOSUL,"Av. Pdte. Jorge Alessandri Rodriguez 3635, Talcahuano, Bío Bío",,412447700,hotelmosul.cl,"administracion@hotelmosul.cl,comercial@hotelmosul.cl",google_maps
HVA Oficina de Arquitectura,"4130111 San Pedro de la Paz, Bío Bío",,,,,google_maps
Hector Guillermo Chandia Uslar,"Estambul 3807, 4601160 Concepción, Hualpén, Bío Bío",,412432716,,,google_maps
Heraclio del Carmen Rojas Vergara,"Libertador Gral. Bernardo O'Higgins 820, Concepción, Bío Bío",,412670653,rojasnotaria.cl,tramitesgenerales@rojasnotaria.cl,google_maps
Hito Concepción Parque Ecuador,"Víctor Lamas 981, Concepción, Bío Bío",,,diarioconcepcion.cl,contacto@diarioconcepcion.cl,google_maps
Holiday Inn Express Concepcion by IHG,"Av. San Andrés 38, 4074580 Concepción, Bío Bío",,412489300,ihg.com,"agne.blyth@ihg.com,ches.eaton@ihg.com,christine.lee@ihg.com,debra.wang@ihg.com,julia.boyd@ihg.com,stacy.campbell@ihg.com,whitney.engelke@ihg.com",google_maps
Hostal,"Av. Los Carrera, 4030418 Concepción, Bío Bío",,953555622,,,google_maps
Hostal Ayiwün,"Ainavillo 630, 4030000 Concepción, Bío Bío",,971490309,,,google_maps
Hostal Bianca,"Salas 643-C pasaje interior, entre Maipú y Freire, Concepción, Bío Bío",,412930718,hostalbianca.cl,reservas@hostalbianca.cl,google_maps
Hostal Buró,"Freire 1565, 4030263 Concepción, Bío Bío",,412950700,hostalburo.cl,"0e6a29e4756740a8a63493e912ba2174@sentry.wixpress.com,2062d0a4929b45348643784b5cb39c36@sentry.wixpress.com,605a7baede844d278b89dc95ae0a9123@sentry-next.wixpress.com,9a65e97ebe8141fca0c4fd686f70996b@sentry.wixpress.com,baf30a2b91654c5a840931f0137bed30@sentry.wixpress.com,c183baa23371454f99f417f6616b724d@sentry.wixpress.com,dd0a55ccb8124b9c9d938e3acf41f8aa@sentry.wixpress.com",google_maps
Hostal Colo Colo,"Colo Colo 750, 4030000 Concepción, Bío Bío",,996791901,,,google_maps
Hostal Concepción,"Castellón 261, 4500000 Concepción, Bío Bío",,962246601,hostalconcepcion.cl,concepcion@hostalconcepcion.cl,google_maps
"Hostal Cruz Central, Cercano al Terminal de Buses Collao.","sector Collao - Camino a Nonguen 0140, esquina calle central, Collao, Concepción, Bío Bío",,994732640,cruzcentral.cl,contacto@cruzcentral.cl,google_maps
Hostal Del Río,"Barros Arana 1160, casa interior, 4070045 Concepción, Bío Bío",,412214288,hdelrio.cl,reservas@hdelrio.cl,google_maps
Hostal Junge,"Arturo Junge 216, 4030000 Concepción, Bío Bío",,974983378,hostaljunge.cl,reserva@hostaljunge.cl,google_maps
Hostal Mi Segundo Hogar,"4030687 Concepción, Bío Bío",,994452064,hostalmisegundohogar.cl,,google_maps
Hostal Valle Collao,"Gral. Novoa 594, 4030000 Concepción, Bío Bío",,983454477,,,google_maps
Hostal Vivo Concepción,"Gleisner 1790, 4070352 Concepción, Bío Bío",,990008541,,,google_maps
Hostal del centro,"Ongolmo 347, 4070064 Concepción, Bío Bío",,413235106,hostaldelcentro.cl,reservas@hostaldelcentro.com,google_maps
Hostal vilu concepcion,"Bernardino Corral 256, 4050153 Concepción, Bío Bío",,963633286,,,google_maps
Hostel INK - Duerme como en casa,"Martinez de Rosas - Juan Martínez de Rozas 886, 4030313 Concepción, Bío Bío",,996903831,,,google_maps
Hotel Alborada,"Barros Arana 457, 4030616 Concepción, Bío Bío",,412911121,hotelalborada.cl,reservas@hotelalborada.cl,google_maps
Hotel Alonso de Ercilla,"Colo Colo 334, 4070109 Concepción, Bío Bío",,412911301,hotelalonsodeercilla.cl,"contacto@hotelalonsodeercilla.cl,myname@example.com",google_maps
Hotel Bella Luna,"Caupolicán 1215, Concepción, Bío Bío",,412992447,,,google_maps
Hotel Camilo Henríquez,"Camilo Henríquez 2429, 4030000 Concepción, Bío Bío",,233137774,clavalhotel.cl,,google_maps
Hotel Canino Lomas San Sebastián,"Pje. Las Murtillas 374, Concepción, Bío Bío",,,,,google_maps
Hotel Concepción viajantes,"Serrano 512, 4030635 Concepción, Bío Bío",,412629000,,,google_maps
Hotel Cruz del Sur,"Freire 889, 4030501 Concepción, Bío Bío",,412911690,hotelcruzdelsur.cl,"recepcion@hotelcruzdelsur.cl,reservas@hotelcruzdelsur.cl",google_maps
Hotel D&V Concepcion,"Manuel Bulnes 426, 4030399 Concepción, Bío Bío",,412236603,hoteldyv.cl,contacto@hoteldyv.cl,google_maps
Hotel Diego De Almagro Concepción Chacabuco,"Av. Chacabuco 156, Concepción, Bío Bío",,6002620100,dahoteles.com,"centraldereservas@dahoteles.com,cobranzas@dahoteles.com,comercial@dahoteles.com,eventos@dahoteles.com,grupos@dahoteles.com,recepcion-aeropuerto@dahoteles.com,recepcion-altoelloa@dahoteles.com,recepcion-anf1@dahoteles.com,recepcion-anf2@dahoteles.com,recepcion-arica@dahoteles.com,recepcion-calamaexpress@dahoteles.com,recepcion-castro@dahoteles.com,recepcion-ccp1@dahoteles.com,recepcion-chillan@dahoteles.com,recepcion-cjc1@dahoteles.com,recepcion-cpo@dahoteles.com,recepcion-curico@dahoteles.com,recepcion-gxq@dahoteles.com,recepcion-iqq@dahoteles.com,recepcion-laserena@dahoteles.com,recepcion-lomasverdes@dahoteles.com,recepcion-lsc@dahoteles.com,recepcion-lsq@dahoteles.com,recepcion-osorno@dahoteles.com,recepcion-pastene@dahoteles.com,recepcion-pmc@dahoteles.com,recepcion-providencia@dahoteles.com,recepcion-pudahuel@dahoteles.com,recepcion-puq@dahoteles.com,recepcion-rcg@dahoteles.com,recepcion-sanpedro@dahoteles.com,recepcion-scl@dahoteles.com,recepcion-talcaexpress@dahoteles.com,recepcion-temucoexpress@dahoteles.com,recepcion-tlx@dahoteles.com,recepcion-vdelmar@dahoteles.com,recepcion-vps@dahoteles.com,recepcion-zal@dahoteles.com,recepcion-zco@dahoteles.com,recursos.humanos@dahoteles.com,reservas@hotelaraucano.cl,servicioalcliente@dahoteles.com",google_maps
Hotel Diego de Almagro Concepcion,"Av. Pdte. Jorge Alessandri Rodriguez 804, Concepción, Bío Bío",,412668300,dahoteles.com,"centraldereservas@dahoteles.com,cobranzas@dahoteles.com,comercial@dahoteles.com,eventos@dahoteles.com,grupos@dahoteles.com,recepcion-aeropuerto@dahoteles.com,recepcion-altoelloa@dahoteles.com,recepcion-anf1@dahoteles.com,recepcion-anf2@dahoteles.com,recepcion-arica@dahoteles.com,recepcion-calamaexpress@dahoteles.com,recepcion-castro@dahoteles.com,recepcion-ccp1@dahoteles.com,recepcion-chillan@dahoteles.com,recepcion-cjc1@dahoteles.com,recepcion-cpo@dahoteles.com,recepcion-curico@dahoteles.com,recepcion-gxq@dahoteles.com,recepcion-iqq@dahoteles.com,recepcion-laserena@dahoteles.com,recepcion-lomasverdes@dahoteles.com,recepcion-lsc@dahoteles.com,recepcion-lsq@dahoteles.com,recepcion-osorno@dahoteles.com,recepcion-pastene@dahoteles.com,recepcion-pmc@dahoteles.com,recepcion-providencia@dahoteles.com,recepcion-pudahuel@dahoteles.com,recepcion-puq@dahoteles.com,recepcion-rcg@dahoteles.com,recepcion-sanpedro@dahoteles.com,recepcion-scl@dahoteles.com,recepcion-talcaexpress@dahoteles.com,recepcion-temucoexpress@dahoteles.com,recepcion-tlx@dahoteles.com,recepcion-vdelmar@dahoteles.com,recepcion-vps@dahoteles.com,recepcion-zal@dahoteles.com,recepcion-zco@dahoteles.com,recursos.humanos@dahoteles.com,reservas@hotelaraucano.cl,servicioalcliente@dahoteles.com",google_maps
Hotel Don Matias,"Colo Colo 155, 4070187 Concepción, Bío Bío",,412256846,hoteldonmatias.cl,"cropped-recurso-1@4x-1-88x61.png,cropped-recurso-1@4x-1.png,reservahoteldonmatias@gmail.com,reservas@aparthoteldonmatias.cl",google_maps
Hotel Düsseldorf,"Aníbal Pinto 469, 4260000 Talcahuano, Bío Bío",,412427174,facebook.com,,google_maps
Hotel Eclipse,"Juan Martínez de Rozas 1073, 4030000 Concepción, Bío Bío",,413130906,,,google_maps
Hotel El Araucano,"Caupolicán 521, 4030595 Concepción, Bío Bío",,412740600,hotelaraucano.cl,"recepcion@hotelaraucano.cl,reservas@hotelaraucano.cl",google_maps
Hotel El Dorado Concepcion,"Barros Arana 348, 4070170 Concepción, Bío Bío",,412229400,heldorado.cl,,google_maps
Hotel HD Concepcion,"Barros Arana 348, 4070170 Concepción, Bío Bío",,412229400,hd-concepcion.gohotel.com.es,"fcrucesk@udd.cl,name@example.com,us@3x.png",google_maps
Hotel Italia,"Chacabuco 38, 4270636 Talcahuano, Bío Bío",,412985207,hotelitaliatalcahuano.cl,hotelitalia_38@hotmail.com,google_maps
Hotel Le Petit,"Cochrane 248, 4030000 Concepción, Bío Bío",,983227880,lepetithotel.cl,"contacto@lepetithotel.cl,pedidos@lepetithotel.cl",google_maps
Hotel Maquehue,"Colo Colo 134, 4130000 Concepción, Bío Bío",,412210261,,,google_maps
Hotel Mar Sur,"Gómez Carreño 3061, 4260000 Talcahuano, Bío Bío",,953798307,,,google_maps
Hotel Militar Chacabuco,"Av. San Juan Bosco 201-2095, Concepción, Bío Bío",,,,,google_maps
Hotel Mol,"Castellón 817, 4030372 Concepción, Bío Bío",,412137608,,,google_maps
Hotel Murano,"Anibal Pinto 180, 4070199 Concepción, Bío Bío",,412217230,hotelmurano.cl,murano@hotelmurano.cl,google_maps
Hotel Nova Vida Concepcion,"Gral Cruz 630, 4030253 Concepción, Bío Bío",,964900764,,,google_maps
Hotel Plaza Concepción,"Anibal Pinto 14, 4070248 Concepción, Bío Bío",,412954984,plazaconcepcionhotel.com,,google_maps
Hotel Pura Lodge,"Lagunillas Cjón. 5385, Biobio, San Pedro de la Paz, Bío Bío",,938669944,puralodge.cl,contacto@puralodge.cl,google_maps
Hotel Romano Concepción,"Barros Arana 780, Piso 7, 4030000 Concepción, Bío Bío",,"412220135,412489300","hotelromano.cl,ihg.com","agne.blyth@ihg.com,ches.eaton@ihg.com,christine.lee@ihg.com,debra.wang@ihg.com,julia.boyd@ihg.com,reservas@hotelromano.cl,stacy.campbell@ihg.com,whitney.engelke@ihg.com",google_maps
Hotel San Sebastian,"Rengo 463, 4070151 Concepción, Bío Bío",,412956719,,,google_maps
Hotel Santa Sofía,"Serrano 1211, 4030000 Concepción, Bío Bío",,413254156,,,google_maps
Hotel Terramar,"Caupolicán 152, 4260000 Talcahuano, Bío Bío",,228811302,terramarhotel.cl,recepcion@hotelterramar.cl,google_maps
Hotel Terrano,"Avenida, Libertador Gral. Bernardo O'Higgins 340, Concepción, Bío Bío",,412240078,hotelterrano.cl,reservas@hotelterrano.cl,google_maps
Hotel Terrasur,"Gómez Carreño 3857, 4260000 Talcahuano, Bío Bío",,413238456,hotelterrasur.cl,,google_maps
Hotel Umawue,"Cataluña 1054, Concepción, Bío Bío",,229479250,hotelumawue.cl,reservas@hotelumawue.cl,google_maps
Hotel con c,"Lautaro 623, 4030288 Concepción, Bío Bío",,,,,google_maps
Hotel de la costa Talcahuno,"Jordán Valdivieso 24, Talcahuano, Bío Bío",,412467151,,,google_maps
Hotel ibis Concepción,"Lomas De San Andrees - Av. San Andrés 37, 4090205 Concepción, Bío Bío",,412291900,all.accor.com,,google_maps
"Hub Claro Concepcion, Hualpen","4603018 Hualpén, Bío Bío",,,,,google_maps
Hygeia Ltda,"Villa Bancaria - C. 1 43, Chiguayante, Bío Bío",,413367784,,,google_maps
ICID INGENIERIA & CONSTRUCCION,"Av. Pedro de Valdivia 776, 4030000 Concepción, Bío Bío",,,,,google_maps
IDAC Ltda,"Las Heras 412, 2° Piso, 4030446 Concepción, Bío Bío",,412250299,,,google_maps
IM Logistica,"Collao 2157, Concepción, Bío Bío",,412196100,imlogistica.cl,contacto@imlogistica.cl,google_maps
IMPATRAC,"Pje Once 514, 4601892 Hualpén, Bío Bío",,412413297,,,google_maps
IMPRESIONAGE,"Caupolicán 1124, 4030254 Concepción, Bío Bío",,,(41) 224 5657,,google_maps
INEXIA,"Bernardo O'Higgins Pte. 77, Concepción, Bío Bío",,412560407,,,google_maps
IQS,"Arteaga Alemparte 8677, Hualpén, Bío Bío",,,iqs.cl,,google_maps
Icafal,"4100257 Arauco, Chiguayante, Bío Bío",,,,,google_maps
Instituto Forestal,"Nueva Dos 3537, 4030000 San Pedro de la Paz, Bío Bío",,,,,google_maps
Intertec Chile Spa,"Av. Chacabuco 1085, 4070146 Concepción, Bío Bío",,412749098,intertec.cl,"605a7baede844d278b89dc95ae0a9123@sentry-next.wixpress.com,contacto@intertec.cl,intertec@intertec.dk",google_maps
Iron Tiger Gym,"Av. Pedro Aguirre Cerda 255, 4130305 San Pedro de la Paz, Bío Bío",,988947888,instagram.com,,google_maps
JARDIN INFANTIL BOCA SUR,"Av. Venus 335, 4130828 San Pedro de la Paz, Bío Bío",,,9 3194 9648,,google_maps
JARDIN INFANTIL PEQUEÑOS ARTESANOS,"Sta. Justina 336, 4100964 Chiguayante, Bío Bío",,,9 8514 0981,,google_maps
JP Noys Barbershop,"Toscania 3815-3807, Hualpén, Bío Bío",,,,,google_maps
Jaime Mendez,"Av. Gran Bretaña 3763, Hualpén, Bío Bío",,942942885,,,google_maps
Jardin Alondra Junji,"s/n,Población Presidente Bulnes,, Quinchao, Hualpén, Bío Bío",,,(41) 243 0542,,google_maps
Jardin Infantil,"Moreira, Chiguayante, Bío Bío",,,,,google_maps
"Jardin Infantil Aliwen, Hualpén","Los Poetas 201-299, 4602542 Hualpén, Bío Bío",,,,,google_maps
Jardin Infantil Héroes del Sol Junji,"La Marina 785, 4100978 Concepción, Chiguayante, Bío Bío",,,(41) 219 2419,,google_maps
Jardin Infantil Los Pinos (Integra),"Italia 300-398, Chiguayante, Bío Bío",,,,,google_maps
Jardin Infantil Rene Schneider,"Mulchén 171, Hualpén, Bío Bío",,,(41) 247 5494,,google_maps
Jardin Infantil Sunnyday,"Los Mañios 6235, San Pedro de la Paz, Bío Bío",,,9 9427 8456,,google_maps
Jardin Infantil Walt disney,"Dover 3065, 4601082 Hualpén, Bío Bío",,,,,google_maps
Jardin Infantil Y Sala Cuna La Leonera,"Escocia & Los Andes, Chiguayante, Bío Bío",,,(41) 236 3107,,google_maps
Jardin infantil alondra,"Palermo 3458, 4602261 Hualpén, Bío Bío",,,,,google_maps
Jardín Infantil Artístico Los Pequeños Hualpeninos,"Chipre 950, Hualpén, Bío Bío",,,,,google_maps
Jardín Infantil Clariluz,"Cam. del Amanecer 1770, 4090900 Concepción, Bío Bío",,,(41) 217 0891,,google_maps
Jardín Infantil y Sala Cuna Barquito de Ilusiones,"Quemchi 8427-8453, 4601958 Hualpén, Bío Bío",,,(41) 242 0237,,google_maps
Jardín Infantil y Sala Cuna Cabo Aroca,"Suiza 2310, 4601005 Hualpén, Bío Bío",,,(41) 242 4504,,google_maps
Jardín Sonrisa de Colores,"Av. La Reconquista 4185, Hualpén, Bío Bío",,,,,google_maps
Jardín infantil ohiggins,"Av. O'Higgins 3395, Chiguayante, Bío Bío",,,,,google_maps
Juan Santiago Espinosa Bancalari,"Libertador Gral. Bernardo O'Higgins 528, Concepción, Bío Bío",,412796800,notariaespinosa.cl,webmaster@notariaespinosa.cl,google_maps
Juzgado de Policía Local de San Pedro de la Paz,"Av. Laguna Grande 115, Piso 3, 4130282 San Pedro de la Paz, Bío Bío",,412505026,,,google_maps
KSport,"Av. Michimalonco 978, 4130329 San Pedro de la Paz, Bío Bío",,941421144,instagram.com,,google_maps
LINEAVISION,"Freires con Colo colo Concepción, 4030000 Biobío",,946417354,,,google_maps
La Casa del Viento,"Pasaje sin Nombre Casa sin Número, Cerro La Gloria Talcahuano, 4260000 Biobío",,977648040,,,google_maps
Librería Jerplaz,"Diag. Pedro Aguirre Cerda 1057, 4030000 Concepción, Bío Bío",,952361637,jerplaz.cl,apumanque@jerplaz.cl,google_maps
Liceo Chiguayante - Polivalente,"La Marina 350, 4100671 Chiguayante, Bío Bío",,929019035,liceochiguayante.cl,,google_maps
Liceo Enrique Molina Garmendia,"Anibal Pinto 31, 4070264 Concepción, Bío Bío",,443049183,liceoemg.cl,,google_maps
Liceo Juan Martínez de Rozas,"Caupolicán 955, 4030423 Concepción, Bío Bío",,443049160,liceojmr.cl,,google_maps
Liceo Obispo San Miguel,"Calle 8 Ote. 1338, 4100208 Chiguayante, Bío Bío",,412360051,liceoobisposanmiguel.cl,contacto@liceoobisposanmiguel.cl,google_maps
Liceo Pedro del Río Zañartu,"Génova 8260, 4602716 Hualpén, Bío Bío",,412668873,wordpress.com,privacypolicyupdates@automattic.com,google_maps
Liceo Técnico Profesional Jorge Sanchez Ugarte,"Liceo Tecnico Profecional Jorge Sanchez Ugarte Calle, Juan de Dios Rivera, Concepción, Bío Bío",,412242382,coreduc.cl,,google_maps
Local Agüita de la Perdiz IEP Concepción,"Las Encinas 1, 4070430 Concepción, Bío Bío",,,,,google_maps
Local comercial,"Av. Los Carrera 942, Concepción, Bío Bío",,,,,google_maps
Locales comerciales y oficinas Jorge Montt,"Jorge Montt 2259, 4061175 Concepción, Bío Bío",,,,,google_maps
Lomas de San Andrés,"Av. Siete Lagunas 1076, 4091012 Concepción, Bío Bío",,,,,google_maps
Lomas san sebastian,"San Pedro Nolasco 219, 4090955 Concepción, Bío Bío",,,,,google_maps
MAURICIO ALRUIZ JARA ARQUITECTO,"Vía del Valle 89, 4030000 Concepción, Chiguayante, Bío Bío",,949544474,mauricioalruiz.cl,"1eeb89147c984dc6bc3ffafd9e6cd089@sentry.wixpress.com,2062d0a4929b45348643784b5cb39c36@sentry.wixpress.com,605a7baede844d278b89dc95ae0a9123@sentry-next.wixpress.com,8c4075d5481d476e945486754f783364@sentry.io,8eb368c655b84e029ed79ad7a5c1718e@sentry.wixpress.com,c183baa23371454f99f417f6616b724d@sentry.wixpress.com,dd0a55ccb8124b9c9d938e3acf41f8aa@sentry.wixpress.com,mauricioalruiz@gmail.com",google_maps
MC Arquitectos,"Colo Colo 379, Edificio Amanecer, 4030000 Concepción, Bío Bío",,968326905,mcarquitectos.cl,contacto@mcarquitectos.cl,google_maps
MDS Hotel Concepción,"Brisa del Sol - Calle A 809, Talcahuano, Bío Bío",,412109500,mdshoteles.com,"denunciaseguro@marinadelsol.cl,reservas.chillan@mdshoteles.com,reservas.concepcion@mdshoteles.com",google_maps
MUSCLEPRO GYM,"Los Avellanos 1, 4130032 Concepción, San Pedro de la Paz, Bío Bío",,,,,google_maps
MVP Focus Gym,"Av. Pedro de Valdivia 895, 4030000 Concepción, Bío Bío",,932517895,mvpfocusgym.cl,"contacto@communitifit.com,contacto@mvpfocusgym.com,producciones.ms10@gmail.com",google_maps
Maco Industrial y Comercial,"Gran Bretaña 4589, 4271573 Talcahuano, Bío Bío",,412667237,,,google_maps
Maderas ARAUCO Oficina San Andrés,"Av. San Andrés, Av. J. Alessandri 43, Concepción, Bío Bío",,,,,google_maps
Mallplaza Trébol,"Av. Pdte. Jorge Alessandri Rodriguez 3177, 4300818 Talcahuano, Bío Bío",,6005857000,mallplaza.com,contactcenter@mallplaza.com,google_maps
Martes Arquitectos,"LOMAS DE SAN SEBASTIAN - San Ignacio de Loyola 112, 4, 4090001 Concepción, Bío Bío",,981314198,instagram.com,,google_maps
María Eugenia Rivera González,"Libertador Gral. Bernardo O'Higgins 599, 4070129 Concepción, Bío Bío",,412226465,guiapenquista.cl,,google_maps
Matrix Cyber y Propyme Chile,"Caupolicán 368, 4070153 Concepción, Bío Bío",,412790460,,,google_maps
Mauricio Hochschild Ingenieria Y Servicios S A,"Arteaga Alemparte 8707, Hualpén, Bío Bío",,412478834,,,google_maps
Mercure Concepcion,"Cochrane Poniente 75, 4070708 Concepción, Bío Bío",,412748110,accor.com,,google_maps
Microwork Spa,"Las Violetas 1844, 4132582 San Pedro de la Paz, Bío Bío",,,,,google_maps
Milan Fabjanovic Spa,"Tucapel 1391, 4130000 Concepción, Bío Bío",,412106184,milanfabjanovic.cl,"chillan@mfabjanovic.cl,cobranzas@mfabjanovic.cl,contacto@mfabjanovic.cl,coronel@mfabjanovic.cl,freire@mfabjanovic.cl,laserena@mfabjanovic.cl,losangeles@mfabjanovic.cl,puertomontt@mfabjanovic.cl,santiago@mfabjanovic.cl,talca@mfabjanovic.cl,temuco@mfabjanovic.cl,tucapel@mfabjanovic.cl,valdivia@mfabjanovic.cl",google_maps
Mira mi PYME-Impulsa PYME LTDA.,"Libertador Gral. Bernardo O'Higgins 50, 4030632 Concepción, Talcahuano, Bío Bío",,979983773,,,google_maps
Montañamar,"Quinel Ote., 4131580 San Pedro de la Paz, Bío Bío",,997715772,montanamarchile.com,"araucaria%20waelder%20in%20chile%20%26%20argentinien@2x.0ec1c3be.jpg,araucarias%20nevadas@2x.c3a461ee.jpg,araucarias@2x.84e10ea4.jpg,atacama@2x.c681d002.jpg,capillas%20de%20marmol%202@2x.19d1e68b.jpg,chile@2x.9a49d5ca.png,day_2_4d_3n_img1_itinerary_%28sunday-wednesday%29_anakonda_amazon_cruise@2x.ee46935f.jpg,day_2_5d_4n_img0_itinerary_%28wednesday-sunday%29_anakonda_amazon_cruise@2x.49c2a92f.jpg,day_3_5d_4n_img2_itinerary_%28wednesday-sunday%29_anakonda_amazon_cruise@2x.217b29e0.jpg,day_7_8d_7n_img1_itinerary_%28sunday-sunday%29_anakonda_amazon_cruise@2x.b1cdf24b.jpg,gletscher%20tempel%2c%20patagonien@2x.47902d76.png,hannes_schonauer@2x.13f02eab.jpg,info@montanamarchile.com,lago-chungara@2x.7fc3f086.jpg,llaima_panorama_19@2x.4a4515cc.jpg,mapa@2x.32577813.jpg,martin@masuno.cl,milodon%20h%c3%b6hle%20in%20patagonien@2x.311b4dd9.jpg,perito%20moreno%20gletscher%2c%20argentinien%2c%20el%20calafate@2x.35a4d9e1.png,pueblo-atacama@2x.1e77eca8.jpg,turismo@2x.7d2b3a4e.png,vulkan-villarrica-seenregion-chiles@2x.e7177b9e.jpg,weingueter-chile@2x.19d352b1.jpg",google_maps
Motel El Parque,"Cam. a Penco 4300, Concepción, Penco, Bío Bío",,412382531,motelelparque.cl,contacto@motelelparque.cl,google_maps
Motel Venus,"Janequeo 1638, 4060792 Concepción, Bío Bío",,412230949,,,google_maps
NOTARÍA JUAN E. AVELLO,"Av. Chacabuco 980, 4070204 Concepción, Bío Bío",,412730177,notariaavello.cl,"escrituras@notariaavello.cl,info@notariaavello.cl",google_maps
NOTARÍA MAURO AROCA GUERRERO,"Libertador Gral. Bernardo O'Higgins 599, 4070129 Concepción, Bío Bío",,412215089,notarioexpress.cl,"contacto@notarioexpress.cl,convenios@notarioexpress.cl",google_maps
Nevada Inn,"Colo Colo 1449, 4061191 Concepción, Bío Bío",,412522727,,,google_maps
Nodos Consultores,"Calle Serrano 148, Oficina 703 Concepción, 4030000 Biobío",,941617273,,,google_maps
Notaria - Ricardo Salgado Sepúlveda,"Barros Arana 989, 4030511 Concepción, Bío Bío",,412480463,notariasalgado.cl,contacto@notariasalgado.cl,google_maps
Notaria Rojas San Pedro de la Paz,"Av. Michimalonco 1045, 4130000 San Pedro de la Paz, Bío Bío",,412791537,notariasanpedrodelapaz.cl,"contacto@notariasanpedrodelapaz.cl,escrituras@notariasanpedrodelapaz.cl",google_maps
Notaría Aburto,"Colo Colo 304, 8340518 Concepción, Bío Bío",,412106640,notariaaburto.cl,info@notariaaburto.cl,google_maps
Notaría Pedro Hidalgo,"Castellón 116, 4070156 Concepción, Bío Bío",,,notariahidalgo.cl,"berta@notariaconcepcion.cl,carolina@notariaconcepcion.cl,cespinoza@notariahidalgo.cl,claudio@notariaconcepcion.cl,fandrade@notariahidalgo.cl,info@notariaconcepcion.cl,jvelasquez@notariahidalgo.cl,katherine@notariaconcepcion.cl,leticia@notariaconcepcion.cl,meson@notariaconcepcion.cl,mfigueroa@notariahidalgo.cl,nvalderrama@notariahidalgo.cl,susana@notariaconcepcion.cl",google_maps
Notaría Ramón García Carrasco,"Rengo 444, 4070131 Concepción, Bío Bío",,412443600,notariagarcia.cl,"infor@notariagarcia.cl,nmoreno@notariagarcia.cl,oferrada@notariagarcia.cl,rgarcia@notariagarcia.cl",google_maps
Notaría Ricardo Salgado Sepulveda,"Autop. Concepción - Talcahuano 9000, Talcahuano, Hualpén, Bío Bío",,,,,google_maps
Notaría San Martín (Notario Interino Pedro Hidalgo Sarzosa) - Concepción,"Castellón 116, 4070156 Concepción, Bío Bío",,412858745,notariaconcepcion.cl,"berta@notariaconcepcion.cl,carolina@notariaconcepcion.cl,cespinoza@notariahidalgo.cl,claudio@notariaconcepcion.cl,fandrade@notariahidalgo.cl,info@notariaconcepcion.cl,jvelasquez@notariahidalgo.cl,katherine@notariaconcepcion.cl,leticia@notariaconcepcion.cl,meson@notariaconcepcion.cl,mfigueroa@notariahidalgo.cl,nvalderrama@notariahidalgo.cl,susana@notariaconcepcion.cl,yordy@notariaconcepcion.cl",google_maps
OFICINA CONTABLE,"Maipú 470, OF. 303, 4030580 Concepción, Bío Bío",,412602678,,,google_maps
OTIC SOFOFA,"Arturo Prat 199, Chiguayante, Bío Bío",,,,,google_maps
"OYiM ""Un Año En Misión""","Talcahuano, Bío Bío",,,,,google_maps
Oc Lomas De San Andrés,"Gobernador Juan Henriquez 308, 4081636 Concepción, Bío Bío",,,,,google_maps
Oficina,"Rengo 68, 4070281 Concepción, Bío Bío",,413253393,oficinasconcepcion.cl,,google_maps
Oficina ALESOR,"Pasaje Uno 1066, San Pedro de la Paz, Bío Bío",,,,,google_maps
Oficina Aramark Concepcion,"Ruta 150 320, Concepción, Penco, Bío Bío",,412292628,,,google_maps
Oficina Citymovil S.A.,"Caletera Pdte. Jorge Alessandri 1-100, Concepción, Hualpén, Bío Bío",,,,,google_maps
Oficina Contable,"Pje. Vilcura 9344, 4122116 Biobío, San Pedro de la Paz, Bío Bío",,992961363,,,google_maps
Oficina Cópec Corporativo,"Arturo Prat 199, 4070708 Concepción, Bío Bío",,,,,google_maps
Oficina Dipreca Concepcion,"San Martín 963, 4070096 Concepción, Bío Bío",,442277862,,,google_maps
Oficina Virtual Chile - Concepción,"Angol 436, Oficina 1204, 4070169 Concepción, Bío Bío",,227566705,oficinavirtualchile.cl,"contacto@oficinavirtualchile.cl,hola@entel.cl",google_maps
Oficina diagonal,"Diag. Pedro Aguirre Cerda 1273, 4070117 Concepción, Bío Bío",,,,,google_maps
Oficinas Corporativas NIU,"320 Oficina Piso 8, Av. Padre Alberto Hurtado 4, Concepción, Bío Bío",,,,,google_maps
Ohiggins Luciano Mora Paillan Transportes De Carga Por Carretera Empresa Individ,"Brasil 416, 4030700 Concepción, Bío Bío",,,,,google_maps
Openline Chile,"Av. Sta. María 7550, Hualpén, Bío Bío",,998326549,openline.cl,contacto@openline.cl,google_maps
Optica Glauser,"local 11, Freire 740, Concepción, Bío Bío",,412221885,,,google_maps
Oval Ltda,"Arturo Prat 199, 4070708 Concepción, Bío Bío",,,,,google_maps
Oxy Chile Talcahuano,"Av. Rocoto 2625, Talcahuano, Bío Bío",,,,,google_maps
PORTAL SAN PEDRO,"Av. Bosque Mar 420, 4122064 San Pedro de la Paz, Bío Bío",,941520778,facebook.com,,google_maps
PPD-Regional Bio Bio,"Barros Arana 57-99, Concepción, Bío Bío",,,ppd.cl,,google_maps
PRM SAN PEDRO,"Los Canelos 46, 4130317 Concepción, San Pedro de la Paz, Bío Bío",,722698781,,,google_maps
PSB Seguridad,"Nueva Uno 1250, 3310, 4130000 San Pedro de la Paz, Bío Bío",,982039954,psbseguridad.cl,,google_maps
PTAS Bio Bio,"Hualpén, Bío Bío",,,,,google_maps
Pablo Aravena Hojalateria,"José Manuel Balmaceda N°17 villa los Presidentes de Chile, Chiguayante, Bío Bío",,972056588,,,google_maps
Palomares,"Jorge Giacaman 12, 8, 4050466 Concepción, Bío Bío",,934135676,9 3413 5676,,google_maps
Papeleria Chiquinquira,"Villa Nonguen Calle Independencia local 16 Concepción, 4030000 Biobío",,956890562,,,google_maps
Parque Araucarias,"Las Araucarias, Parque Araucarias, Camino A Chiguayante, Chiguayante, Concepción, Bío Bío",,,,,google_maps
Parque Calistenia UBB,"Paula Pineda 27, Concepción, Bío Bío",,,,,google_maps
Parque Museo Pedro del Río Zañartu,"Fundo Hualpen S/N, Hualpén, Bío Bío",,974684056,prz.cl,,google_maps
Pensión Los Torres,"Griselda 226, 4260000 Talcahuano, Bío Bío",,993464808,,,google_maps
Planta Lomas San Andrés,"Gobernador Juan Henriquez 509, 4050768 Concepción, Bío Bío",,,,,google_maps
Planta San Pedro Movistar,"Av. San Pedro 26-28, 4130053 San Pedro de la Paz, Bío Bío",,966008252,,,google_maps
Plaza Lomas De San Andrés,"Francisco Lazo de La Vega 280, Concepción, Bío Bío",,,,,google_maps
Pohltech SpA,"77, Oficina 2002 Bernardo O'Higgins, Poniente n°, Concepción, Bío Bío",,412740905,pohltech.dk,"info@grossautomation.dk,info@pohltech.dk,info@pohltek.com",google_maps
"Prensa Ñuble, Diario Online, Bulnes, Medio Comunicacion","Arturo Prat 0289, 4070565 Bulnes, Concepción, Bío Bío",,976559091,,,google_maps
Principal Financial Group,"Av. Chacabuco 767, Concepción, Bío Bío",,224137900,principal.cl,,google_maps
Probisa,"Cam. A Lenga 3361, Hualpén, Talcahuano, Bío Bío",,,,,google_maps
Programa de intermediacion laboral,"Los Nogales 115, 4130477 San Pedro de la Paz, Bío Bío",,412287360,,,google_maps
Publitarjeta,"Bulnes 1238 Of. 201 - Remodelación Paicaví, 4030754 Concepción, Bío Bío",,412798870,,,google_maps
Punto de Información turística,"San Pedro de la Paz, Bío Bío",,,facebook.com,,google_maps
Punto de información - Parque Araucarias,"Gral. Cornelio Saavedra 11, 4100422 Chiguayante, Bío Bío",,412223494,inmobiliariafg.cl,,google_maps
Punto de pago de Patentes Hualpén,"Hualpén, Bío Bío",,,hualpenciudad.cl,,google_maps
Página 128 Concepción,"Paicaví 128, 4030000 Concepción, Bío Bío",,413221186,pagina128.cl,web@pagina128.cl,google_maps
Pétreo Palomares,"Concepción, Bío Bío",,,,,google_maps
RH Seguridad,"Malaquías Concha 8, 4030000 Concepción, Bío Bío",,412797979,rhseguridad.cl,,google_maps
RR MOTORS,"Av. Valle Blanco 268, Concepción, Bío Bío",,,,,google_maps
Radio Energia Fm,"Av. Las Torres 643, San Pedro de la Paz, Bío Bío",,413620247,radioenergia.cl,ventas@radioenergia.cl,google_maps
Radio Equinoccio,"Avda Biobío CL, Enrique Soro 2063, 4130000 San Pedro de la Paz, Bío Bío",,995433663,,,google_maps
Radio Lorenzo Arenas 107.1 FM,"Pedro de Oña 55, 4060219 Concepción, Bío Bío",,,facebook.com,,google_maps
Radio Voz de la Mujer,"Polvorín 38, 4080744 Concepción, Bío Bío",,412522151,,,google_maps
Refugio Esperanza Chiguayante,"Colo Colo 298, Chiguayante, Bío Bío",,,,,google_maps
Remodelación Eleuterio Ramírez,"4030136 Concepción, Bío Bío",,,,,google_maps
Rotonda Lomas de Bellavista,"4090886 Concepción, Bío Bío",,,,,google_maps
SAAVEDRA CLARKE ARQUITECTA,"Emilio Grant 1785, 4070345 Concepción, Bío Bío",,976224366,,,google_maps
SGS Concepción,"Parque Industrial Las Arucas - Américo Vespucio N° 820, 4300293 Talcahuano, Bío Bío",,228989500,sgs.com,,google_maps
SPORTLIFE CENTRO COSTANERA,"Arturo Prat 199, Concepción, Bío Bío",,412301397,,,google_maps
Sa Arquitectos Limitada,"Av. Manuel Rodríguez 481, 4100693 Concepción, Chiguayante, Bío Bío",,412858278,,,google_maps
Sala Cuna Y Jardín Infantil Lomitas,"4121706 San Pedro de la Paz, Bío Bío",,,(41) 239 1431,,google_maps
Sala Cuna y Jardín Infantil Canto Feliz,"Avenida Tierras Coloradas 510, Lomas San Sebastian Concepción, 0000000 Biobío",,,9 7887 6369,,google_maps
Sala cuna y jardín infantil los notros,"C. Dos 4080, 4600664 Concepción, Hualpén, Bío Bío",,,,,google_maps
Santa Sabina,"Concepción, Bío Bío",,,,,google_maps
Santa sabina,"Acceso a Mall Pl. Trébol, Concepción, Talcahuano, Bío Bío",,,,,google_maps
Securitas Concepción,"Víctor Lamas 1155, 4070164 Concepción, Bío Bío",,973084445,securitaschile.cl,"address@example.com,natalia.merino@securitaschile.com,replytoaddress@example.com,someone@example.com",google_maps
Sede El.solar Dos Hualpen,"Rosamel del Solar 2, 4061249 Concepción, Bío Bío",,,,,google_maps
Sede Población España,"Hualpén, Bío Bío",,,,,google_maps
Sede Social Cruz Del Sur,"Pje. Veinte 143, Talcahuano, Bío Bío",,,,,google_maps
Sede Social Villa Huáscar,"Caleuche 243, 4050270 Concepción, Bío Bío",,,,,google_maps
Sede social remanso 1,"Río Nereo, Chiguayante, Bío Bío",,,,,google_maps
Segurivi,"Paul Harris N°810. Chillán Anibal Pinto 509, Concepción, Bío Bío , Chile Manuel Bulnes 655, Temuco, Araucanía, 3780000 Chillán, Ñuble",,422430669,segurivi.cl,"aflores@segurivi.cl,correo@correo.cl,secretaria@segurivi.cl",google_maps
Sernapesca Talcahuano,"Alto Horno 515, 4271012 Talcahuano, Bío Bío",,413169000,sernapesca.cl,,google_maps
Servical seguridad,"Pablo Neruda 525, 4030000 San Pedro de la Paz, Bío Bío",,965668424,servicalseguridad.cl,,google_maps
Servicios Industriales URSCAN Ltda,"Av. O'Higgins 2721, Chiguayante, Bío Bío",,987519766,urscan.cl,contacto@urscan.cl,google_maps
Servicios Silva y San Martín Ltda,"Santo Domingo 99, 4100835 Chiguayante, Bío Bío",,413184649,,,google_maps
Skatepark Parque Ecuador,"Concepción, Bío Bío",,,,,google_maps
Socias Contadoras,"Av. Padre Alberto Hurtado 320, Piso. 8, Of. 2B, 4030000 Concepción, Bío Bío",,966978494,sociascontadoras.cl,,google_maps
Sociedad Constructora Proyeccion Limitada,"Avda. Francesa 247 Pedro de Valdivia Concepción, 4040364 Biobío",,,(41) 213 0914,,google_maps
Sonesta Hotel Concepción,"Calle A Nº 809 Brisa del Sol, Concepción, Talcahuano, Bío Bío",,412109500,,,google_maps
Spaceproducciones,"San Martín 2-28, Chiguayante, Bío Bío",,973326062,,,google_maps
Sportlife Mirador,"Caletera Los Carrera 13-21, 4061681 Concepción, Bío Bío",,412907367,sportlife.cl,"20postulaciones@sportlife.cl,jorge.valero@sportlife.cl,postulaciones@sportlife.cl,servicioalalumno@sportlife.cl",google_maps
Sportlife San Pedro,"Av Parque San Pedro del Valle 115, 4130282 San Pedro de la Paz, Bío Bío",,413168630,sportlife.cl,"20postulaciones@sportlife.cl,jorge.valero@sportlife.cl,postulaciones@sportlife.cl,servicioalalumno@sportlife.cl",google_maps
Sportlife Zona Sur,"Desde Talca a - Cochrane 635, Puerto Montt, Concepción, Bío Bío",,412183438,sportlifezonasur.cl,"contacto@sportlifezonasur.cl,corporativo@sportlifezonasur.cl",google_maps
Supermercado Santa Sabina,"Abate Molina 1503, 4090370 Concepción, Bío Bío",,,(41) 248 0853,,google_maps
Supervigilancia Ltda.,"Condominio Millaray - Av. Pedro Aguirre Cerda 255, 4130000 San Pedro de la Paz, Bío Bío",,964910216,supervigilancia.cl,contacto@supervigilancia.cl,google_maps
TCI Seguridad Ltda.,"Concepcion - Chiguayante 2406, 4110413 Chiguayante, Bío Bío",,413223167,,,google_maps
Taltamira Uniformes Corporativos,"Freire 964, 4030513 Concepción, Bío Bío",,996788249,,,google_maps
"Te alojo Conce, Apart Hotel","Maipú 1256, depto 705, 4030000 Concepción, Bío Bío",,999989521,tealojoconce.com,20jane.smith@domain.com,google_maps
Teknika,"Chiguayante, Bío Bío",,,,,google_maps
Terminal Expresos Chiguayante,"Manuel Rodriguez - Calle 201, Chiguayante, Bío Bío",,,,,google_maps
Terminal TMSV Enap,"La Marina 525, 4300206 Talcahuano, Bío Bío",,412506000,enap.cl,,google_maps
Tienda8,"Caupolicán 321, Local 8, 4030000 Concepción, Bío Bío",,412155574,tienda8.cl,tienda8@live.com,google_maps
Transporte Terrestre Melo Limitada,"Colombia 520, 4100783 Chiguayante, Bío Bío",,,,,google_maps
Troncoso Arquitectos Ltda.,"Anibal Pinto 295, OF. 503, Concepción, Bío Bío",,988288806,troncosoarquitectos.cl,contacto@troncosoarquitectos.cl,google_maps
Trébolhome Hotel Boutique,"RM, Los Robles 1468, 4130602 San Pedro de la Paz, Bío Bío",,,,,google_maps
Turcata Outlet,"Tucapel 1318, 4030000 Concepción, Bío Bío",,987043070,turcata.cl,,google_maps
Turismo BUGA,"Dr. Fernando Urra 197, Chiguayante, Bío Bío",,964638939,,,google_maps
Turismo Esquerre | Vuelos - Hoteles - Paquetes de viaje - Seguros de viaje,"Barros Arana 185, 4030633 Concepción, Bío Bío",,412749900,turismoesquerre.cl,"carla.astudillo@esquerre.cl,contacto@esquerre.cl,contactoccp@esquerre.cl,contactopmc@esquerre.cl,contactoscl@esquerre.cl,contactoudec@esquerre.cl,contactozal@esquerre.cl,cristian.bustamante@ideasfractal.com,diego.marin@ideasfractal.com,dmella@esquerre.cl,emisionweb@esquerre.cl,fmoreno@esquerre.cl,kmuller@esquerre.cl,madelyn.pineda@ideasfractal.com",google_maps
Tv Cable Nielsen,"Rengo 1720, Concepción, Bío Bío",,412953969,,,google_maps
UCIHC,"Concepción, Bío Bío",,,,,google_maps
Urbo Oficina de Arquitectura,"Mahuzier 7, dept. 202, 4040364 Concepción, Bío Bío",,412560323,,,google_maps
VM producciones,"Unnamed Road, Chiguayante, Bío Bío",,950465697,facebook.com,,google_maps
Veolia Talcahuano,"Jaime Repullo 1084, Talcahuano, Bío Bío",,,veolia.cl,,google_maps
Via Uno Outlet,"San Pedro RM, Ruta 160 12, San Pedro de la Paz, Bío Bío",,412568454,,,google_maps
Villa San Francisco,"C. 4, Concepción, Bío Bío",,,,,google_maps
Vipser - Servicios Contables,"Serrano 551, Oficina N° 8, 4030640 Concepción, Bío Bío",,982303911,vipser.cl,"contacto@vipser.cl,user@website.com",google_maps
Wyndham Concepcion Pettra,"Autop. Concepción - Talcahuano 8676, 4600000 Hualpén, Bío Bío",,413163000,wyndhampettra.com,white@3x.png,google_maps
Zeus Box S.A.,"Av. Las Rosas 1972, San Pedro de la Paz, Bío Bío",,,,,google_maps
Zona FIT Women,"Caupolicán 280, 4070184 Concepción, Bío Bío",,332429539,es-la.facebook.com,,google_maps
Zootrap,"Angamos 75, 4100438 Chiguayante, Bío Bío",,,,,google_maps
alfas gym,"René Schneider 580, 4121626 San Pedro de la Paz, Bío Bío",,,,,google_maps
casa pension tu casa,"Ongolmo 1683, Concepción, Bío Bío",,956487114,,,google_maps
donde los gatiitos,"Quinta Agrícola 1987, 4050792 Concepción, Bío Bío",,945644683,,,google_maps
hotel,"Universidad San Sebastián, 4080870 Concepción, Bío Bío",,,,,google_maps
jardin Infantil paso a paso,"Hungria 2455, 4600061 Hualpén, Bío Bío",,,9 9833 4163,,google_maps
jardin infantil Y Salas Cunas Nueva Esperanza,"Italia 425, 4111291 Chiguayante, Bío Bío",,,,,google_maps
"junta de vecinos Alonso de Ercilla, Candelaria","4132790 San Pedro de la Paz, Bío Bío",,,,,google_maps
liceo seba,"Los Aromos 73, 1, Chiguayante, Bío Bío",,,,,google_maps
oficina buses jeldres,"Tucapel 875, 4030000 Concepción, Bío Bío",,722772377,busesjeldres.cl,info@centropuerto.cl,google_maps
primera notaria de concepcion,"Castellón 116, 4070156 Concepción, Bío Bío",,412858745,notariahidalgo.cl,"berta@notariaconcepcion.cl,carolina@notariaconcepcion.cl,cespinoza@notariahidalgo.cl,claudio@notariaconcepcion.cl,fandrade@notariahidalgo.cl,info@notariaconcepcion.cl,jvelasquez@notariahidalgo.cl,katherine@notariaconcepcion.cl,leticia@notariaconcepcion.cl,meson@notariaconcepcion.cl,mfigueroa@notariahidalgo.cl,nvalderrama@notariahidalgo.cl,susana@notariaconcepcion.cl",google_maps
sede,"Av. Manuel Rodríguez, Chiguayante, Bío Bío",,,,,google_maps
translogistic,"Cataluña 1208, 4061497 Concepción, Bío Bío",,968362697,translogistic.cl,,google_maps
